nb_people,total_time_to_work,emissions,walkers,bikers,TPG_users,car_users,tax_sum
29764,35436877.138613775,58390.430433245194,3497,3712,6913,15634,0.0
29770,35286786.915310524,57805.04938739761,3495,3714,7033,15522,0.0
29776,35054685.86818606,57377.149530208524,3467,3638,7177,15488,0.0
29782,35338940.08579252,56830.64398073615,3588,3677,7063,15448,0.0
29788,35348161.235222444,56394.68183697025,3651,3638,7126,15367,0.0
29794,35267326.0089459,55828.63464408704,3597,3822,7121,15248,0.0
29800,35272430.21506368,56078.96414804268,3628,3773,7099,15294,0.0
29806,35221643.21076256,56222.83110270833,3591,3757,7136,15316,0.0
29812,35659306.733084515,55669.185810543255,3671,3706,7249,15180,0.0
29818,35403531.94485881,55895.44395907349,3637,3711,7176,15288,0.0
29824,35279040.50226594,56149.422716580826,3623,3700,7123,15372,0.0
29830,35244817.59419344,55999.868851123145,3614,3701,7158,15351,0.0
29836,35191406.02037851,56047.08038980664,3613,3719,7117,15381,0.0
29842,35268097.68264369,56000.103198986355,3613,3693,7196,15334,0.0
29848,35355964.65641773,55973.42110400745,3609,3720,7190,15323,0.0
29854,35136439.44458473,56033.907190357786,3572,3785,7121,15370,0.0
29860,35318450.42241723,56125.08378594087,3661,3668,7101,15424,0.0
29866,35474575.301884286,56363.42069217004,3728,3613,7075,15444,0.0
29872,35305242.77935242,55854.62624758656,3612,3687,7234,15333,0.0
29878,35358036.93872006,56039.420026259715,3623,3710,7176,15363,0.0
29884,35502977.818415105,56180.71335838689,3682,3647,7157,15392,0.0
29890,35627723.56948035,55838.87623095961,3711,3755,7123,15295,0.0
29896,35550181.32081301,55538.4851877246,3678,3740,7284,15188,0.0
29902,35035047.14054978,55905.4809268495,3517,3777,7202,15400,0.0
29908,35681227.8400282,55378.04737775649,3696,3833,7202,15171,0.0
29914,35507124.48962585,55751.51478668724,3671,3746,7170,15321,0.0
29920,35528389.97858918,55909.141266939056,3692,3682,7196,15344,0.0
29926,35337525.02124277,55769.72780464911,3617,3760,7243,15300,0.0
29932,35464109.76219965,55653.83782266444,3615,3845,7151,15315,0.0
29938,35706477.19232687,55586.00124637386,3697,3698,7238,15299,0.0
29944,35587437.864358366,55581.31679470109,3652,3824,7147,15315,0.0
29950,35453831.20531192,55573.05164520487,3602,3760,7310,15272,0.0
29956,35318121.66613513,55549.966801670205,3553,3729,7376,15292,0.0
29962,35480901.8429505,55255.231113659036,3608,3810,7380,15158,0.0
29968,35631313.64619553,55402.26203703261,3641,3781,7271,15269,0.0
29974,35316518.303621516,55725.79515479738,3617,3654,7313,15384,0.0
29980,35387754.839542896,55589.63401674617,3584,3789,7275,15326,0.0
29986,35638361.60693329,55544.27573523542,3672,3672,7338,15298,0.0
29992,35877541.04904292,55331.388722294425,3738,3718,7305,15225,0.0
29998,35828853.58555665,54980.439353932714,3667,3783,7392,15150,0.0
30004,35361015.35572162,55466.539876669565,3607,3682,7356,15353,0.0
30010,35881614.43046114,55042.72430856135,3705,3829,7304,15166,0.0
30016,35691355.78941156,55481.62085581755,3681,3715,7326,15288,0.0
30022,35762161.21701746,55293.33940423044,3702,3729,7300,15285,0.0
30028,35645213.51438268,55226.124519471836,3655,3810,7314,15243,0.0
30034,35937114.13540613,55098.42262092119,3742,3742,7314,15230,0.0
30040,35588766.741839014,55488.10288217699,3682,3740,7270,15342,0.0
30046,35976067.34475543,54959.35354695939,3727,3799,7371,15143,0.0
30052,35601368.55980478,55394.157736768146,3621,3693,7398,15334,0.0
30058,35769343.10755126,55315.72175754991,3708,3673,7348,15323,0.0
30064,35900895.58324564,55058.92489378012,3717,3730,7397,15214,0.0
30070,35829034.80692267,54901.059639183826,3672,3790,7413,15189,0.0
30076,35592963.54317295,55323.43989298152,3668,3694,7376,15332,0.0
30082,36005723.99976257,54712.43739049159,3689,3776,7495,15116,0.0
30088,35971802.59894422,55115.42355079448,3786,3668,7392,15236,0.0
30094,35867841.12772182,55047.6818687728,3697,3789,7375,15227,0.0
30100,35950429.226392515,55117.2224911882,3728,3794,7310,15262,0.0
30106,35880054.26716886,55030.00126084198,3729,3676,7419,15276,0.0
30112,36013342.62941029,54559.72210120483,3722,3715,7577,15092,0.0
30118,35874265.30639887,55027.35474720209,3736,3714,7392,15270,0.0
30124,35806092.32866217,55059.69212480109,3682,3749,7420,15267,0.0
30130,35744159.68270444,54942.07553944869,3657,3756,7443,15268,0.0
30136,35919498.95027528,54708.29433035832,3708,3750,7489,15183,0.0
30142,35840785.988005474,54804.36159525448,3684,3743,7493,15216,0.0
30148,35818775.3748866,54865.88795677173,3687,3770,7421,15264,0.0
30154,36147772.640873104,54535.59611138516,3718,3769,7506,15155,0.0
30160,35776521.10996974,54783.44916743546,3650,3805,7452,15247,0.0
30166,35860366.17418737,54906.77082397976,3709,3776,7411,15264,0.0
30172,35938074.55178542,54825.390004639165,3696,3704,7487,15279,0.0
30178,35906824.819888346,54711.82096461233,3711,3731,7450,15280,0.0
30184,36203605.44126252,54508.13748356799,3767,3781,7488,15142,0.0
30190,36208846.38760581,54452.63866892351,3779,3816,7478,15111,0.0
30196,35901884.98166497,54438.09992201304,3667,3855,7482,15186,0.0
30202,35940597.09462391,54224.32161173246,3663,3855,7563,15115,0.0
30208,36126524.07382722,54483.81527015955,3722,3789,7480,15211,0.0
30214,36214654.78941732,54321.673235055074,3726,3826,7515,15141,0.0
30220,36205344.122079335,54381.93092213569,3760,3875,7459,15120,0.0
30226,36162374.07301867,54145.67382497692,3732,3781,7677,15030,0.0
30232,36229408.362918496,54297.782896325916,3747,3806,7529,15144,0.0
30238,36026660.9409601,54418.82628657464,3706,3811,7469,15246,0.0
30244,36431627.56521448,54053.524760873,3798,3810,7605,15025,0.0
30250,36262607.30933761,54055.72235247037,3754,3801,7619,15070,0.0
30256,36114968.03219042,54310.80909068851,3669,3819,7584,15178,0.0
30262,36295358.32034005,54405.44423368746,3779,3725,7562,15190,0.0
30268,36453039.68539048,54162.79320096359,3808,3816,7509,15129,0.0
30274,36404534.51040939,54248.9456432985,3809,3736,7561,15162,0.0
30280,36295411.24637158,54000.20550481847,3741,3844,7609,15080,0.0
30286,36365834.876421236,54103.81563805483,3754,3819,7617,15090,0.0
30292,36341651.21974743,54040.62683963756,3755,3829,7587,15115,0.0
30298,36317617.59110504,54269.56802692558,3771,3800,7579,15142,0.0
30304,36420169.417224735,53676.60601403129,3763,3788,7783,14964,0.0
30310,36240444.90829335,53817.77562094809,3724,3884,7640,15056,0.0
30316,36099561.13273986,54035.97128676545,3698,3850,7625,15137,0.0
30322,36437899.096718684,53813.42734592264,3773,3729,7741,15073,0.0
30328,36444284.68893016,53812.3051511147,3779,3712,7762,15069,0.0
30334,36346995.59244507,53826.99698300562,3773,3853,7618,15084,0.0
30340,36542101.0439214,53784.155275371995,3787,3860,7633,15054,0.0
30346,36624674.44893653,53579.470929216746,3786,3852,7662,15040,0.0
30352,36355505.527931996,53983.0231349909,3773,3816,7592,15165,0.0
30358,36376817.63561513,54050.433144611125,3771,3704,7747,15130,0.0
30364,36592534.40330356,53675.71783165434,3783,3890,7634,15051,0.0
30370,36303759.24209721,53913.85236404125,3753,3804,7687,15120,0.0
30376,36360417.959189594,53869.44228207287,3742,3878,7636,15114,0.0
30382,36237837.53290183,53961.14083997696,3720,3768,7745,15143,0.0
30388,36438112.59795396,53775.969932307664,3748,3833,7656,15145,0.0
30394,36499361.53077937,53268.04043358107,3769,3918,7815,14886,0.0
30400,36337567.56070272,53602.67257289117,3740,3871,7758,15025,0.0
30406,36448696.57311132,53518.19376219937,3732,3959,7669,15040,0.0
30412,36603928.50531284,53507.57147459252,3781,4004,7647,14974,0.0
30418,36276172.246020354,53687.7751993697,3724,3796,7747,15145,0.0
30424,36272972.229128174,53951.50672251166,3759,3685,7742,15232,0.0
30430,36357812.31891648,53619.81932078881,3734,3807,7782,15101,0.0
30436,36882574.73886607,53258.69572669954,3863,3857,7789,14921,0.0
30442,36390755.25088127,53580.36708874414,3746,3776,7825,15089,0.0
30448,36589994.78165677,53485.56755204968,3779,3758,7828,15077,0.0
30454,36695515.58827288,53319.82201936701,3814,3816,7813,15005,0.0
30460,36819886.91939565,53358.42728302158,3849,3815,7765,15025,0.0
30466,36635423.327366024,53368.5965339235,3793,3796,7825,15046,0.0
30472,36666179.9055517,53445.03306298941,3833,3913,7574,15146,0.0
30478,36782267.98379459,52989.13123981779,3805,3765,7974,14928,0.0
30484,36755609.120307006,53032.59168003715,3795,3833,7947,14903,0.0
30490,36639505.5236884,53337.53915128858,3812,3768,7837,15067,0.0
30496,36794520.14726809,53289.41326639012,3853,3754,7846,15037,0.0
30502,36609269.18835387,53134.11920642968,3792,3911,7775,15018,0.0
30508,36675004.19810652,52986.88964401976,3754,3894,7866,14988,0.0
30514,36830663.657591686,53012.843601405955,3810,3897,7800,15001,0.0
30520,36608972.62611442,53205.98640257662,3761,3800,7871,15082,0.0
30526,36971527.765648894,52895.734348243954,3853,3833,7820,15014,0.0
30532,36873484.95233058,52973.86878247115,3849,3848,7834,14995,0.0
30538,36664423.921374045,53179.69082814656,3808,3874,7851,14999,0.0
30544,36726053.27501926,53284.47185829557,3828,3798,7809,15103,0.0
30550,36759418.158985056,53185.670603712846,3833,3867,7805,15039,0.0
30556,37037105.657919034,52969.40860978147,3887,3817,7864,14982,0.0
30562,36802595.28267021,53050.78703346595,3830,3831,7882,15013,0.0
30568,36821735.831668474,52993.83255280113,3848,3866,7925,14923,0.0
30574,36997033.03103214,52692.774195680744,3874,3810,7937,14947,0.0
30580,36710463.04506445,53231.51395863945,3827,3882,7812,15053,0.0
30586,36815025.00308485,53005.02197690625,3802,3955,7772,15051,0.0
30592,36742598.1730816,53175.11608262684,3795,3819,7821,15151,0.0
30598,37047973.66387659,53044.524443236325,3881,3857,7844,15010,0.0
30604,37030947.2206125,52779.40428938563,3864,3903,7835,14996,0.0
30610,36871876.50550951,53048.49816797022,3837,3862,7867,15038,0.0
30616,36914029.95430098,53018.19632142979,3857,3833,7858,15062,0.0
30622,37191877.67861574,52505.67887664015,3877,3974,7918,14847,0.0
30628,37115615.16433342,52835.678090247624,3887,3811,7940,14984,0.0
30634,37023194.76527653,52359.14331450509,3817,3996,7974,14841,0.0
30640,36888016.59339691,52822.28672307699,3826,3866,7978,14964,0.0
30646,37066413.47097155,52717.47571766989,3895,3766,8019,14960,0.0
30652,36983302.68128721,52848.04638002574,3860,3778,7962,15046,0.0
30658,37109748.49115429,52590.640846864255,3860,3907,7946,14939,0.0
30664,36936991.5573963,52710.26475806406,3814,3825,8032,14987,0.0
30670,37119550.63013749,52388.40095185718,3858,3919,8023,14864,0.0
30676,37050574.78943852,52466.59048393312,3855,3859,8042,14914,0.0
30682,37181512.830191806,52623.61894559955,3899,3845,7936,14996,0.0
30688,36838720.19711355,52654.45797940619,3785,3751,8101,15045,0.0
30694,37510047.71474715,52539.69464933677,3958,3762,8034,14934,0.0
30700,37081820.637434185,52511.53520864668,3839,3910,8008,14937,0.0
30706,37391808.58045078,52437.48723705679,3939,3896,7952,14913,0.0
30712,37492740.90193136,52348.9540199618,3964,3880,8009,14853,0.0
30718,36905103.87143023,52411.62113815579,3785,3916,8034,14977,0.0
30724,37405093.46775434,52239.612454588394,3904,3915,8037,14862,0.0
30730,37298174.29508904,52242.21467602298,3905,3815,8128,14876,0.0
30736,37583098.032734185,52323.71363401971,3988,3804,8072,14866,0.0
30742,37509400.785348006,52023.70574745617,3948,3947,8012,14829,0.0
30748,37613662.09653318,52241.69665981378,3986,3874,7995,14887,0.0
30754,37521862.82687853,51782.45410307638,3909,3878,8160,14801,0.0
30760,37477137.84516235,52127.57878697958,3914,3891,8094,14855,0.0
30766,37438044.16627509,52109.95435877837,3938,3830,8125,14867,0.0
30772,37287231.35940446,52593.19541561586,3944,3875,7925,15022,0.0
30778,37261673.31603016,52323.933677537454,3904,3866,8073,14929,0.0
30784,37250222.33153836,52004.90521041629,3868,3887,8185,14838,0.0
30790,37449717.38781029,52368.19431038322,3945,3897,7993,14949,0.0
30796,37375653.97834504,52013.27824004007,3920,3863,8162,14845,0.0
30802,37403396.21620061,51991.23521790148,3897,3873,8179,14847,0.0
30808,37443022.41602242,51966.20784411239,3908,3910,8144,14840,0.0
30814,37231958.82754575,51958.06803441028,3834,3959,8166,14849,0.0
30820,37651087.94250901,51725.66619538696,3949,3997,8100,14768,0.0
30826,37355308.316569425,51923.83114813172,3868,3992,8097,14863,0.0
30832,37302075.88156125,51805.09591972815,3858,3947,8168,14853,0.0
30838,37465576.6775487,52089.07866312031,3945,3822,8210,14855,0.0
30844,37481997.552552946,52015.244152076535,3954,3913,8055,14916,0.0
30850,37261525.43870285,51879.79455655694,3854,3977,8096,14917,0.0
30856,37558783.00277642,51805.06838921633,3949,3941,8125,14835,0.0
30862,37505022.45549639,51948.25700703401,3956,3860,8134,14906,0.0
30868,37406796.111401856,51915.52105561863,3918,3882,8141,14921,0.0
30874,37344077.66628741,51874.523261168615,3890,3946,8176,14856,0.0
30880,37591983.34679236,51791.03278387082,3961,3988,8079,14846,0.0
30886,37672347.57576898,51338.7863985045,3935,3990,8225,14730,0.0
30892,38092754.780783325,51536.15353919946,4099,3839,8213,14735,0.0
30898,37664728.51126914,51629.44926930815,3974,3890,8200,14828,0.0
30904,37348641.4724879,51796.393964659634,3863,3950,8165,14920,0.0
30910,37583682.06120086,51259.31048777196,3899,3895,8359,14751,0.0
30916,37686609.0695582,51840.491559370406,3978,3835,8200,14897,0.0
30922,37753750.69903519,51518.80444791604,3957,3975,8211,14773,0.0
30928,37624740.83520731,51287.61879511938,3894,3939,8341,14748,0.0
30934,37617549.9431999,51537.24972151951,3956,3889,8233,14850,0.0
30940,37362374.653778,51613.122341439346,3848,3859,8333,14894,0.0
30946,37758167.19903361,51577.21554934873,3978,3980,8105,14877,0.0
30952,37964444.13054895,51409.36835926229,4023,3868,8273,14782,0.0
30958,37688729.22432719,51338.70645367548,3927,3915,8285,14825,0.0
30964,37913289.25905089,51364.66562338897,4016,4000,8169,14773,0.0
30970,37856423.45797714,51475.33168978198,3996,3969,8154,14845,0.0
30976,37886297.018563606,51617.15537419123,4007,3881,8208,14874,0.0
30982,37859101.5243374,51543.16501235502,4029,3821,8235,14891,0.0
30988,37759623.75547648,51246.14127606269,3936,3932,8295,14819,0.0
30994,37393657.12565067,51326.402156434575,3870,3931,8319,14868,0.0
31000,38078792.2384847,50947.30004122213,4036,3951,8297,14710,0.0
31006,37825452.107969746,51411.91059511396,4005,3825,8346,14824,0.0
31012,37849763.636480205,51109.06408804959,3961,4005,8251,14789,0.0
31018,37809806.71229663,51373.05739375017,3987,3814,8396,14815,0.0
31024,37755215.91354422,51308.06801772303,3941,3918,8358,14801,0.0
31030,37728405.92782771,51196.60704494648,3956,3977,8264,14827,0.0
31036,38056928.79341002,50861.52504055704,4027,3926,8385,14692,0.0
31042,37679923.816303514,51126.35751198107,3942,3832,8389,14873,0.0
31048,37793830.43166608,51018.7278571344,3948,3934,8405,14755,0.0
31054,37898945.99056362,51016.368117165264,3995,3893,8383,14777,0.0
31060,37944866.331760064,50993.46834648319,3960,4031,8292,14771,0.0
31066,37820991.643365026,51353.9850514628,3969,3875,8359,14857,0.0
31072,37738743.86068976,51228.334308192636,3935,3944,8332,14855,0.0
31078,38220591.732348315,50752.71560864117,4054,4056,8291,14671,0.0
31084,38093488.84485366,50856.91661262385,4067,3953,8348,14710,0.0
31090,37811337.40735986,50831.15192477255,3924,3982,8429,14749,0.0
31096,37683515.79596712,51010.789938122565,3934,3907,8405,14844,0.0
31102,38068701.89680126,50619.41825940679,3979,3900,8531,14686,0.0
31108,37956509.96902078,51060.271623474815,4003,3934,8318,14847,0.0
31114,38141213.14389553,50709.396286163326,4035,4058,8322,14693,0.0
31120,37967093.04466213,50836.84583900742,4004,3970,8367,14773,0.0
31126,38115457.11801508,50699.98305584742,3990,3914,8530,14686,0.0
31132,37946517.68759657,50626.151571715345,3953,4010,8451,14712,0.0
31138,38085930.624339566,50656.27180519836,3999,3990,8422,14721,0.0
31144,38151060.69770276,50773.052884777106,4038,3956,8430,14714,0.0
31150,37940893.06614779,50948.36724462365,3999,3959,8374,14812,0.0
31156,38310229.046993546,50662.165038097846,4076,3872,8505,14697,0.0
31162,38158618.59806375,50574.13112259473,3986,3978,8467,14725,0.0
31168,38436614.90168239,50341.182037575425,4066,3961,8517,14618,0.0
31174,37853385.19302031,50787.7483341132,3931,3912,8437,14888,0.0
31180,38436304.11404104,50418.669741252445,4116,3935,8393,14730,0.0
31186,38368053.70577663,50133.777883383635,4040,4002,8568,14570,0.0
31192,38462592.929861784,50285.39956423133,4092,3990,8461,14643,0.0
31198,38497103.206037834,50347.11791129341,4067,3950,8512,14663,0.0
31204,38259775.40129638,50260.024793598976,4018,3940,8601,14639,0.0
31210,38029712.916485034,50527.269449376276,3986,4011,8422,14785,0.0
31216,38315956.03704583,50506.31726880883,4051,3863,8596,14700,0.0
31222,38456976.85482929,50005.94828416912,4048,4041,8510,14617,0.0
31228,38315824.57905147,50210.32742879507,4000,3939,8636,14647,0.0
31234,38190488.855712235,50160.879340457024,3953,4022,8587,14666,0.0
31240,38039172.41667578,50655.47651164412,3965,3989,8453,14827,0.0
31246,38301291.33381765,50335.455427842375,4036,3894,8550,14760,0.0
31252,38488572.14801736,50163.32614933954,4074,4012,8511,14649,0.0
31258,38326793.79343604,50359.11688144276,4043,3894,8594,14721,0.0
31264,38505948.41349358,49850.69639278135,4060,4005,8584,14609,0.0
31270,38616613.99475134,50167.67749598101,4155,3983,8417,14709,0.0
31276,38418957.99203107,50124.24708194273,4068,4021,8517,14664,0.0
31282,38674266.67832912,49748.34673552106,4097,4040,8614,14525,0.0
31288,38596640.3231092,49973.43492148389,4103,3932,8642,14605,0.0
31294,38492660.97582428,50183.86046370215,4081,3902,8577,14728,0.0
31300,38383051.742289595,50205.03096642749,4043,3967,8626,14658,0.0
31306,38484627.99060824,49890.50367084036,4057,4016,8613,14614,0.0
31312,38487183.07073432,50120.66243040781,4083,3964,8531,14728,0.0
31318,38486987.738441855,50172.21339564376,4089,3986,8518,14719,0.0
31324,38697153.039726734,49953.90837491671,4084,3976,8634,14624,0.0
31330,38497249.707092084,49954.78447897417,4046,4049,8548,14681,0.0
31336,38518801.27758448,49907.881193489804,4047,4030,8585,14668,0.0
31342,38542872.06302398,49995.45884998597,4053,4036,8522,14725,0.0
31348,38447675.50659494,50119.396625944595,4069,4088,8469,14716,0.0
31354,38464275.30943001,49937.31102078187,4051,3921,8692,14684,0.0
31360,38762646.39179072,49540.83060557133,4107,4068,8632,14547,0.0
31366,38400736.49024128,50001.679005666345,4025,3928,8683,14724,0.0
31372,38640746.411245465,49958.82552192232,4128,3893,8595,14750,0.0
31378,38862835.735517845,49885.610662476254,4154,3920,8662,14636,0.0
31384,38552072.62339383,49653.7096083624,4060,4115,8605,14598,0.0
31390,38859372.4729031,50039.67796981287,4187,3904,8589,14704,0.0
31396,38650274.62451441,49427.98001785041,4042,4040,8745,14563,0.0
31402,38349093.86518292,50085.78883638471,4011,4010,8550,14825,0.0
31408,38859375.942358576,49237.57374146036,4104,3977,8797,14524,0.0
31414,38622487.918125995,49823.4344383575,4091,4031,8505,14781,0.0
31420,39107736.493319556,49487.31401836297,4208,4004,8640,14562,0.0
31426,38669604.72113539,49388.261584506574,4073,3984,8770,14593,0.0
31432,38572621.54070956,49800.07459470666,4040,3949,8684,14753,0.0
31438,38553427.52411237,49316.02275227379,4023,4059,8793,14557,0.0
31444,38818047.73645908,49099.1192309222,4071,4073,8771,14523,0.0
31450,38721896.20073212,49561.52336836352,4104,3980,8742,14618,0.0
31456,38747890.08771887,49507.17454147178,4091,3931,8819,14609,0.0
31462,38796144.66330176,49719.11155653998,4126,3973,8735,14622,0.0
31468,38705366.180111654,49236.51078382799,4067,3891,8929,14575,0.0
31474,38819215.55440112,49380.25314245054,4144,3926,8778,14620,0.0
31480,38572275.58646625,49291.631697619785,4035,4030,8823,14586,0.0
31486,38694810.968500495,49238.32386708322,4047,4000,8885,14548,0.0
31492,39075704.2495322,48977.78991643215,4141,4061,8786,14498,0.0
31498,38911343.588953726,49011.87894748065,4065,4059,8846,14522,0.0
31504,38864114.182510585,48888.68489050606,4073,4091,8809,14525,0.0
31510,39072532.353003055,49403.53783160682,4200,3992,8676,14636,0.0
31516,38807749.8622674,49127.90111769339,4117,3982,8774,14637,0.0
31522,38774955.31783398,49213.0398647261,4107,3860,8943,14606,0.0
31528,38836146.29250841,49278.540764946294,4114,4073,8684,14651,0.0
31534,38797562.29073604,49339.81843636833,4125,4009,8743,14651,0.0
31540,38885946.987995125,49177.77677322538,4117,4000,8833,14584,0.0
31546,39094904.83295213,48733.561737283286,4125,4017,8904,14494,0.0
31552,39124103.592055,48946.696468890405,4171,3997,8805,14573,0.0
31558,38589237.07776604,48931.027901277004,4003,4112,8880,14557,0.0
31564,39117661.061083354,48880.12459029109,4161,4054,8834,14509,0.0
31570,38970269.368015476,48770.70114521682,4081,4054,8947,14482,0.0
31576,38935980.19424742,48749.025356681785,4101,4124,8817,14528,0.0
31582,38942346.61503052,48795.218801330106,4128,3984,8884,14580,0.0
31588,39132187.94771716,48822.71130680327,4138,3986,8932,14526,0.0
31594,39055249.56534808,48702.330120009494,4170,4018,8927,14473,0.0
31600,38984832.93600987,48923.015861374755,4124,4024,8849,14597,0.0
31606,39100788.447595574,48741.592076034496,4147,4008,8851,14594,0.0
31612,39270131.116451345,48481.85352834823,4173,4070,8903,14460,0.0
31618,38981311.242860235,48972.79838330938,4111,4070,8823,14608,0.0
31624,38903429.27569424,48962.09159936953,4134,3997,8818,14669,0.0
31630,39188691.08084236,48488.34622793536,4127,4032,8986,14479,0.0
31636,39327654.36368339,48517.632339874166,4172,4024,8923,14511,0.0
31642,38923977.09949596,48773.98054142546,4097,4056,8898,14585,0.0
31648,39149849.38321217,48799.15400359377,4194,3980,8868,14600,0.0
31654,39301814.30186936,48585.077872750364,4196,4022,8897,14533,0.0
31660,39170214.82256237,48518.712843944464,4130,4127,8852,14545,0.0
31666,39068082.424506895,48918.36608636419,4165,3959,8889,14647,0.0
31672,39021639.58682546,48550.82173466471,4125,4110,8844,14587,0.0
31678,39147274.24487146,48396.606496023436,4141,4028,9052,14451,0.0
31684,39136553.62956027,48898.08529123942,4180,3930,8935,14633,0.0
31690,39094370.077353686,48677.95836762877,4141,4044,8934,14565,0.0
31696,39418199.08662029,48281.362510426065,4209,4015,8990,14476,0.0
31702,39183581.05655126,48426.04692804085,4100,4125,8974,14497,0.0
31708,39449358.32698241,48314.44950022066,4217,3916,9037,14532,0.0
31714,39428531.49954671,48142.231794550986,4194,4067,9017,14430,0.0
31720,39542629.97107026,48031.25987206754,4215,3981,9205,14313,0.0
31726,39411271.7105855,47922.79927986454,4177,4119,9057,14367,0.0
31732,39328689.50372751,48240.406248588966,4172,4029,9028,14497,0.0
31738,39146176.46608101,48378.922776629406,4121,4073,9019,14519,0.0
31744,39284200.09782309,48359.11465749761,4147,4067,8996,14528,0.0
31750,39539565.06915516,48056.878128536235,4233,4028,9073,14410,0.0
31756,39305426.39474329,48172.01429551107,4152,4042,9069,14487,0.0
31762,39049156.558120154,48398.50600257517,4113,3920,9196,14527,0.0
31768,39586576.13407609,48184.38833812087,4226,4063,9018,14455,0.0
31774,39608857.351775065,47739.93462645811,4252,4107,9059,14350,0.0
31780,39574924.44157192,48228.539848742585,4238,4022,9073,14441,0.0
31786,39662922.85203579,48023.119130930456,4216,4103,9029,14432,0.0
31792,39352790.519773446,47969.38081702346,4194,4060,9130,14402,0.0
31798,39617732.2436984,47796.777983717846,4219,4006,9143,14424,0.0
31804,39374623.974489965,48070.91972452003,4206,4086,9031,14475,0.0
31810,39588970.76851143,48247.507820824,4230,4062,9044,14468,0.0
31816,39902818.17670989,47645.68529215239,4275,4111,9180,14244,0.0
31822,39314185.044560105,48467.71433782534,4180,4024,9013,14599,0.0
31828,39401650.43489185,48237.57006475617,4207,4016,9000,14599,0.0
31834,39676023.94051209,47948.83334906008,4269,3951,9144,14464,0.0
31840,39498800.67134522,48081.45816865532,4182,4079,9128,14445,0.0
31846,39855723.25054133,47539.30800117212,4239,4071,9243,14287,0.0
31852,39426787.73410588,47983.02028392731,4152,4156,9058,14480,0.0
31858,39663217.59153118,47644.862789468265,4240,4143,9165,14304,0.0
31864,39531354.51302043,47958.84328530298,4210,4009,9132,14507,0.0
31870,39406953.18321813,47853.07110113663,4169,4076,9147,14472,0.0
31876,39755365.65904897,48037.007781205495,4318,4037,9078,14437,0.0
31882,39744630.34293467,47848.007688295605,4270,3952,9173,14481,0.0
31888,39639933.035237886,47644.10685258672,4224,4081,9127,14450,0.0
31894,39581446.6020646,47827.21513139792,4201,4080,9085,14522,0.0
31900,39911573.36084523,47608.532594564924,4279,4035,9205,14375,0.0
31906,39923769.112369575,47743.953337488056,4294,4015,9163,14428,0.0
31912,39645466.88869691,47756.71336925159,4228,4017,9238,14423,0.0
31918,39615600.66176506,47723.20163652452,4206,4037,9220,14449,0.0
31924,39718383.292918146,47293.482566205195,4210,3976,9413,14319,0.0
31930,39782911.652814455,47464.59947683329,4235,4035,9322,14332,0.0
31936,39745273.457420394,47275.45778333687,4238,4115,9223,14354,0.0
31942,39818729.31902331,47344.63674355018,4235,4131,9192,14378,0.0
31948,39659467.41467316,47670.034292516444,4186,4019,9264,14473,0.0
31954,39883947.00893683,47411.32886734919,4259,4053,9296,14340,0.0
31960,39849851.21546542,47287.04380782995,4228,4047,9357,14322,0.0
31966,40024822.63559555,47378.422212260906,4308,4088,9206,14358,0.0
31972,39575625.903925,47612.94052178097,4211,4120,9212,14423,0.0
31978,39909887.05837321,47615.406942151734,4301,4019,9170,14482,0.0
31984,39651862.30037753,47372.24738358759,4183,4020,9326,14449,0.0
31990,39564629.84300906,47589.51849481682,4176,4141,9182,14485,0.0
31996,39819164.89242707,47614.190153692296,4256,3961,9248,14525,0.0
32002,40181208.23949355,47224.636257581544,4293,4175,9214,14314,0.0
32008,39772564.212345615,47180.67859119018,4229,4118,9287,14368,0.0
32014,40122246.48239565,47232.26967662279,4309,4081,9275,14343,0.0
32020,39988407.84240114,47191.07064498169,4275,4096,9238,14405,0.0
32026,39989785.26908949,47172.17486446857,4302,4054,9325,14339,0.0
32032,39934139.753298834,47214.52839849622,4262,4071,9310,14383,0.0
32038,40019602.15607367,47222.91789147454,4314,3999,9307,14412,0.0
32044,40134261.104532465,47295.50372125711,4312,4119,9253,14354,0.0
32050,39982696.874938875,47131.74276859916,4253,4109,9336,14346,0.0
32056,40178021.49694654,46891.79295554384,4300,4114,9382,14254,0.0
32062,39871757.03821928,47276.48011876202,4258,4087,9329,14382,0.0
32068,39871848.91771774,47313.76419145553,4258,4077,9269,14458,0.0
32074,39848046.71724759,47383.2291660735,4272,4103,9273,14420,0.0
32080,39922814.19204061,46978.60549539613,4248,4074,9394,14358,0.0
32086,40036971.20290644,46751.40903451027,4239,4106,9386,14349,0.0
32092,40353612.26440447,46810.35308397589,4338,4161,9343,14244,0.0
32098,40373295.34331946,46754.06915252636,4363,4080,9437,14212,0.0
32104,40299616.65300745,46732.7449420904,4292,4087,9466,14253,0.0
32110,39973437.99867922,47215.42849365546,4299,4025,9351,14429,0.0
32116,40082605.74320065,47360.101808754516,4297,4024,9357,14432,0.0
32122,40150965.70945316,46510.106282750945,4264,4206,9402,14244,0.0
32128,40274726.05457409,46688.919717277364,4293,4031,9533,14265,0.0
32134,40141441.91063325,47110.712988784486,4304,4053,9327,14444,0.0
32140,40183584.56893686,47042.27647968341,4301,4166,9231,14436,0.0
32146,40359748.78698741,46429.16729722773,4309,4154,9485,14192,0.0
32152,39943505.65880898,46895.714447457314,4247,4126,9380,14393,0.0
32158,40263928.4897123,46861.595584546085,4294,4184,9310,14364,0.0
32164,40348316.23525676,46585.91922933741,4309,4090,9514,14245,0.0
32170,39975652.89090493,47245.15935841659,4283,4178,9249,14454,0.0
32176,40415665.04146039,46654.18474041209,4315,4203,9361,14291,0.0
32182,40504810.349653594,46738.00490572214,4365,4083,9408,14320,0.0
32188,40491260.266499795,46589.56400852289,4370,4100,9418,14294,0.0
32194,40339899.445166714,47073.02200885614,4363,4093,9353,14379,0.0
32200,40043638.02669306,46957.76484262051,4272,4054,9404,14464,0.0
32206,40462529.63875846,46707.814245552305,4359,4040,9517,14284,0.0
32212,40516219.56796007,46530.495748441,4364,4145,9465,14232,0.0
32218,40385917.66703793,46451.77212899668,4323,4104,9552,14233,0.0
32224,40086088.522911735,46547.43175753077,4211,4156,9536,14315,0.0
32230,40516472.58866541,46588.4483870369,4383,4183,9387,14271,0.0
32236,40358203.014316596,46232.15412717753,4309,4174,9554,14193,0.0
32242,40293420.43927167,46740.42569468021,4322,4081,9374,14459,0.0
32248,40614597.16054021,46576.98104823697,4369,4201,9393,14279,0.0
32254,40402232.17343387,46668.20280937974,4344,4224,9321,14359,0.0
32260,40088570.10253844,46665.28050753587,4262,4125,9445,14422,0.0
32266,40568099.719377555,46072.635215912465,4317,4133,9673,14137,0.0
32272,40686415.1806633,46192.48315052479,4380,4085,9538,14263,0.0
32278,40483305.33143284,46177.44527831163,4333,4146,9498,14295,0.0
32284,40470671.12242878,46158.655288250695,4351,4075,9617,14235,0.0
32290,40560564.63714491,46434.18711330356,4399,4112,9442,14331,0.0
32296,40463166.22274356,46079.89381749605,4309,4166,9644,14171,0.0
32302,40707206.21343578,46094.53361931701,4374,4115,9601,14206,0.0
32308,40542679.41075468,46316.7744495414,4352,4170,9486,14294,0.0
32314,40125011.77113888,46283.27612713434,4227,4200,9606,14275,0.0
32320,40279241.83614233,46428.08096737208,4304,4080,9584,14346,0.0
32326,40571706.25397981,46498.30822690306,4399,4018,9522,14381,0.0
32332,40492454.17606202,46166.48979451162,4289,4070,9690,14277,0.0
32338,40478455.67880578,46229.30546789886,4304,4193,9619,14216,0.0
32344,40597242.63310487,46362.35470440257,4372,4025,9644,14297,0.0
32350,40756936.66767066,45671.54988621067,4365,4250,9631,14098,0.0
32356,40590659.62143002,46048.923562655946,4348,4179,9621,14202,0.0
32362,40485862.51802068,45733.31889157198,4299,4144,9753,14160,0.0
32368,40807889.26578112,46057.69259482852,4404,4086,9646,14226,0.0
32374,40583877.177397564,46232.35152540737,4369,4131,9560,14308,0.0
32380,40677768.677315764,46156.68025419888,4385,4119,9558,14312,0.0
32386,40778449.80113866,45807.04289805703,4349,4179,9733,14119,0.0
32392,41012919.09831935,45670.206849662805,4464,4151,9670,14101,0.0
32398,40309010.8850816,46136.27611395407,4266,4158,9607,14361,0.0
32404,40976962.65822206,45816.63719441811,4403,4192,9592,14211,0.0
32410,41087796.461090386,45714.35782510166,4484,4177,9602,14141,0.0
32416,41022233.78946892,45645.051261891356,4429,4088,9767,14126,0.0
32422,40853973.78636556,46078.186265667464,4394,4094,9582,14346,0.0
32428,41016187.72606845,45628.337192263825,4447,4158,9730,14087,0.0
32434,40526712.131146304,46054.94686582702,4335,4141,9633,14319,0.0
32440,40696395.49706118,45961.94242032348,4382,4136,9627,14289,0.0
32446,40787899.68270201,45753.51198212562,4391,4084,9761,14204,0.0
32452,40625986.721041776,45542.6325756468,4319,4161,9789,14177,0.0
32458,40954964.20299276,45772.63156568214,4448,4076,9690,14238,0.0
32464,41021850.79206343,45360.51746134037,4445,4181,9770,14062,0.0
32470,40863518.74212076,45727.57197172345,4379,4178,9685,14222,0.0
32476,40881232.32070696,45346.57696725051,4388,4149,9783,14150,0.0
32482,40934463.4828964,45752.566481782276,4405,4238,9529,14304,0.0
32488,40915371.742348224,45814.792015466664,4396,4119,9715,14252,0.0
32494,41005621.71678329,45276.900725959356,4378,4236,9775,14099,0.0
32500,40773706.255775996,45749.54941889537,4357,4208,9630,14299,0.0
32506,41081843.619115815,45465.85000579922,4416,4182,9723,14179,0.0
32512,40863452.57610956,45402.71843557449,4373,4224,9747,14162,0.0
32518,40940915.61120494,45513.41919497409,4417,4062,9799,14234,0.0
32524,41218916.21897286,45440.63158129582,4505,4044,9799,14170,0.0
32530,41073513.72771731,45400.63758617647,4383,4167,9820,14154,0.0
32536,41080959.0595835,45341.65360058723,4422,4159,9822,14127,0.0
32542,40854118.76925807,45197.18329749109,4334,4225,9796,14181,0.0
32548,41087268.23749618,45327.63496270483,4451,4152,9793,14146,0.0
32554,41135777.87801225,44976.15919985864,4385,4126,9988,14049,0.0
32560,41077346.12673424,45182.42682545988,4410,4322,9675,14147,0.0
32566,41265446.184221625,45338.40956720139,4492,4127,9764,14177,0.0
32572,41448932.61287912,45175.80983277142,4510,4201,9751,14104,0.0
32578,41450289.903592266,45087.817877349386,4519,4178,9744,14131,0.0
32584,41097230.45189763,45088.40570599974,4397,4136,9915,14130,0.0
32590,41078707.814132236,45014.80495635065,4379,4199,9908,14098,0.0
32596,41299976.52818288,45121.560031675814,4507,4163,9745,14175,0.0
32602,41081127.993648686,45297.662390182,4457,4054,9865,14220,0.0
32608,41452318.72009119,44884.40079023329,4528,4178,9820,14076,0.0
32614,41266669.78003367,44966.22463731882,4452,4238,9853,14065,0.0
32620,41299267.01552923,44957.098332500034,4451,4196,9816,14151,0.0
32626,41149186.61676311,44876.22559715065,4398,4169,9986,14067,0.0
32632,41098620.250637,45055.67541359662,4379,4171,9869,14207,0.0
32638,41579997.831657745,44685.695547919524,4531,4196,9870,14035,0.0
32644,41398822.45666258,44921.3880317136,4491,4238,9824,14085,0.0
32650,41277151.742932536,44762.95796709232,4447,4227,9908,14062,0.0
32656,41493007.18519119,44766.71476908374,4523,4194,9900,14033,0.0
32662,41412535.147548996,44738.13571688482,4479,4172,9883,14122,0.0
32668,41331534.67427317,44947.21869815993,4457,4191,9899,14115,0.0
32674,41272207.83451239,44735.64167549883,4451,4247,9912,14058,0.0
32680,41215315.8440488,44695.43697984195,4429,4205,9944,14096,0.0
32686,41269394.05932389,44681.02159428518,4439,4228,9866,14147,0.0
32692,41160145.749110244,44905.381313762016,4399,4271,9850,14166,0.0
32698,41356336.6868294,44872.0413578383,4460,4115,9969,14148,0.0
32704,41277137.0900293,44714.69459529632,4454,4139,9935,14170,0.0
32710,41646239.12094385,44789.04435675684,4556,4169,9847,14132,0.0
32716,41641254.31670252,44684.68881239067,4571,4129,9884,14126,0.0
32722,41306036.06254415,44846.003976665066,4451,4247,9895,14123,0.0
32728,41375015.4745848,44411.34196678438,4460,4145,9967,14150,0.0
32734,41494992.5993273,44431.678749737635,4459,4238,10048,13983,0.0
32740,41503221.39741759,44615.231380716454,4491,4203,9924,14116,0.0
32746,41224381.549602196,44533.35969207379,4379,4251,10043,14067,0.0
32752,41680883.28173628,44345.21931642031,4538,4147,10112,13949,0.0
32758,41485375.273083955,44332.28664516565,4458,4302,10000,13992,0.0
32764,41579739.93518219,44542.09661863445,4515,4239,9981,14023,0.0
32770,41457991.43386361,44457.78106293013,4432,4210,10060,14062,0.0
32776,41884734.542577714,44375.68757473547,4576,4171,10039,13984,0.0
32782,41397104.14467854,44451.503097863715,4449,4110,10143,14074,0.0
32788,41237111.43902746,44589.94786775088,4389,4261,9996,14136,0.0
32794,41896696.41783933,43793.50330490474,4520,4298,10178,13792,0.0
32800,41457829.80175602,44467.41220380966,4481,4281,9972,14060,0.0
32806,41574256.93162095,44425.78687503529,4491,4262,9965,14082,0.0
32812,41590624.30345814,44208.624184165616,4491,4257,10077,13981,0.0
32818,41700350.5825011,44254.19987915431,4539,4336,9930,14007,0.0
32824,41796066.86735197,44173.46512936229,4553,4138,10151,13976,0.0
32830,41780239.12516002,44278.600076117065,4552,4272,9960,14040,0.0
32836,41667239.353098854,44457.68134344937,4520,4292,9970,14048,0.0
32842,41820202.577403896,44017.5237214115,4551,4264,10031,13990,0.0
32848,42174456.604773164,44080.755383266674,4634,4218,9988,14002,0.0
32854,41704158.07940374,43964.556213812284,4482,4253,10101,14012,0.0
32860,41535231.18267194,44139.62712073978,4444,4200,10152,14058,0.0
32866,42098364.14037081,43910.88912953626,4581,4329,10015,13935,0.0
32872,41829326.53323416,44133.13222041238,4516,4163,10167,14020,0.0
32878,41642622.14381366,44442.8839059452,4506,4177,10058,14131,0.0
32884,42030430.52939616,43756.43579015367,4570,4223,10218,13867,0.0
32890,41576737.85476965,44103.225782485,4430,4343,10089,14022,0.0
32896,41416755.231305085,43964.30215726481,4421,4365,10136,13968,0.0
32902,42126949.03234301,43703.527626941395,4569,4237,10174,13916,0.0
32908,41857727.30979324,43950.10976280651,4550,4287,10080,13985,0.0
32914,41963815.17012881,43979.628906572434,4563,4209,10109,14027,0.0
32920,41985486.863664284,44175.57118086532,4589,4160,10153,14012,0.0
32926,41998444.67124941,44009.097493981724,4576,4196,10099,14049,0.0
32932,41572963.88641015,43967.46878724366,4465,4252,10125,14084,0.0
32938,42091509.05383478,44099.62502030272,4617,4153,10059,14103,0.0
32944,41825461.91814869,44186.630905059246,4569,4167,10060,14142,0.0
32950,41965583.19088503,43704.60613027747,4570,4237,10177,13960,0.0
32956,41961024.6116645,44303.16357166825,4617,4201,10005,14127,0.0
32962,41873150.70957256,44121.05192508272,4515,4272,10182,13987,0.0
32968,41837372.339499325,43846.45709573148,4520,4197,10194,14051,0.0
32974,41900168.20284948,44024.89796872724,4570,4200,10114,14084,0.0
32980,41994723.343365096,43894.689651511464,4532,4266,10084,14092,0.0
32986,42096593.6069053,43446.13665389132,4551,4288,10230,13911,0.0
32992,42396945.8869227,43434.54358788615,4652,4354,10047,13933,0.0
32998,42155221.48311062,43620.2120317847,4585,4257,10220,13930,0.0
33004,41931991.31479517,43554.344742808826,4552,4169,10299,13978,0.0
33010,42151378.03663227,43339.365664841076,4558,4328,10205,13913,0.0
33016,42236076.00920744,43530.52658247225,4639,4193,10223,13955,0.0
33022,42177957.42325924,43417.16017497629,4590,4198,10277,13951,0.0
33028,41940361.40926033,43554.78739370148,4525,4225,10292,13980,0.0
33034,42034453.80275733,43797.500955630596,4576,4197,10198,14057,0.0
33040,42247000.84371883,43568.27593339879,4576,4285,10206,13967,0.0
33046,42122891.412992276,43384.15642785289,4563,4303,10266,13908,0.0
33052,42156646.9196968,43731.2402738318,4570,4251,10244,13981,0.0
33058,42189855.95698171,43445.16323627992,4604,4274,10179,13995,0.0
33064,42168716.052775726,43134.18871127153,4572,4258,10362,13866,0.0
33070,42130617.36401862,43582.481513054794,4546,4247,10154,14117,0.0
33076,42722543.458468854,43110.85079981426,4699,4260,10270,13841,0.0
33082,42248345.985637866,43357.546880494,4600,4191,10304,13981,0.0
33088,42068114.771010116,43277.84205553842,4548,4272,10360,13902,0.0
33094,42495216.65638545,43091.624634171996,4635,4186,10363,13904,0.0
33100,42351421.05633473,43079.51057773732,4633,4303,10313,13845,0.0
33106,42112065.55454201,43342.21836365817,4556,4321,10205,14018,0.0
33112,42198326.5190935,43163.018597535025,4587,4270,10373,13876,0.0
33118,42422164.95229148,42993.9919088877,4612,4354,10216,13930,0.0
33124,42232831.15587336,43000.38292022732,4590,4419,10271,13838,0.0
33130,42288582.00677762,43313.259909132306,4576,4328,10266,13954,0.0
33136,42220865.392809525,43220.64655145874,4596,4308,10321,13905,0.0
33142,42059981.50309501,42948.38357930606,4478,4226,10486,13946,0.0
33148,42395536.6838469,42952.22145529182,4604,4269,10453,13816,0.0
33154,42534583.265011296,42859.91414117529,4631,4225,10447,13845,0.0
33160,42217429.270249695,43213.93753476305,4577,4262,10289,14026,0.0
33166,42343897.146286115,43085.115297674,4593,4187,10348,14032,0.0
33172,42427713.39538542,42680.78229505581,4571,4395,10396,13804,0.0
33178,42286213.74256246,43150.048334127314,4579,4392,10231,13970,0.0
33184,42440244.23387748,42846.02807355176,4611,4305,10367,13895,0.0
33190,42424238.890853696,42803.780805224706,4595,4238,10532,13819,0.0
33196,42647044.23078221,42820.62500996923,4662,4343,10345,13840,0.0
33202,42612588.89801278,42886.195043103384,4657,4282,10359,13898,0.0
33208,42545846.01515631,42758.38773350879,4621,4294,10486,13801,0.0
33214,42537667.45735848,42805.31288192848,4619,4374,10277,13938,0.0
33220,42510400.01304441,42964.56520648203,4662,4243,10350,13959,0.0
33226,42363924.497668765,42941.221198609026,4554,4304,10489,13873,0.0
33232,42595268.9634178,42400.33598736416,4607,4387,10504,13728,0.0
33238,42326642.499113634,43111.82694769006,4627,4222,10381,14002,0.0
33244,42465038.26933456,42664.24007803327,4563,4335,10452,13888,0.0
33250,42254039.67963439,42783.782022322026,4533,4362,10411,13938,0.0
33256,42656553.6480484,42638.78621990784,4639,4242,10440,13929,0.0
33262,42653230.335831024,42458.65173160373,4625,4361,10394,13876,0.0
33268,42561411.41333691,42552.05939838215,4604,4273,10545,13840,0.0
33274,42630159.65059047,42570.94151288874,4645,4273,10477,13873,0.0
33280,42693524.122389436,42843.804581551696,4663,4254,10454,13903,0.0
33286,42697806.461392656,42384.60955819676,4664,4246,10519,13851,0.0
33292,42802330.238764554,42263.51114551635,4678,4282,10555,13771,0.0
33298,42751268.153619304,42317.01039056368,4631,4348,10554,13759,0.0
33304,42755114.65965897,42566.442233874,4680,4290,10392,13936,0.0
33310,42486145.79673031,42547.79698054033,4593,4266,10514,13931,0.0
33316,42827662.758879766,42500.72795448794,4683,4280,10496,13851,0.0
33322,42292984.68254699,42771.19348775605,4571,4300,10413,14032,0.0
33328,42788344.36767292,42769.84316454104,4687,4235,10416,13984,0.0
33334,42519164.58300447,42385.744222884765,4582,4351,10548,13847,0.0
33340,42671353.41016875,41912.63582887713,4607,4391,10573,13763,0.0
33346,42879537.71233176,42505.60351329759,4676,4237,10565,13862,0.0
33352,42707245.44332175,42273.047772097816,4644,4295,10485,13922,0.0
33358,42739673.41855567,42446.00894872816,4664,4293,10476,13919,0.0
33364,42565764.90041529,42368.702539536505,4607,4333,10507,13911,0.0
33370,42828679.32149498,42152.57398802406,4668,4337,10487,13872,0.0
33376,42880245.437141985,42131.72200294332,4694,4286,10585,13805,0.0
33382,42763554.340436295,42047.6431589298,4638,4308,10629,13801,0.0
33388,42985072.11500491,42005.94667623162,4699,4451,10490,13742,0.0
33394,42757746.91216922,42074.5319943663,4640,4368,10549,13831,0.0
33400,42634572.045321174,42408.30542727635,4615,4364,10509,13906,0.0
33406,42980766.176859215,41854.81004947174,4663,4378,10637,13722,0.0
33412,43020968.03692236,42029.05842471779,4726,4280,10568,13832,0.0
33418,43098992.70878368,41548.70387491892,4709,4329,10733,13641,0.0
33424,42688134.668428,41932.76307944973,4577,4373,10602,13866,0.0
33430,42953407.538264066,41720.08088019338,4695,4270,10644,13815,0.0
33436,42928589.189839125,42129.271873524536,4712,4248,10562,13908,0.0
33442,43075002.35038214,41942.65116370058,4743,4318,10625,13750,0.0
33448,42929697.80495951,41939.80778257034,4697,4360,10563,13822,0.0
33454,43206311.49307299,41821.06868941127,4757,4218,10695,13778,0.0
33460,43089203.81557163,41884.59940339819,4725,4197,10691,13841,0.0
33466,43009482.18429843,41370.05978487209,4644,4445,10744,13627,0.0
33472,43062666.462140284,41512.2728478568,4668,4418,10653,13727,0.0
33478,43129182.58642694,41890.829849162445,4726,4423,10518,13805,0.0
33484,42936872.53519879,41504.12553983894,4670,4413,10692,13703,0.0
33490,43172031.32857646,41588.465320319,4718,4364,10695,13707,0.0
33496,43782914.3107492,41605.7563605784,4930,4359,10536,13665,0.0
33502,43318912.1888525,41547.91064758743,4753,4344,10711,13688,0.0
33508,43150084.41841083,41589.21432966538,4708,4376,10659,13759,0.0
33514,43398159.72964161,41245.84339208022,4728,4335,10780,13665,0.0
33520,43061546.66382532,41781.37543638917,4672,4300,10712,13830,0.0
33526,42967300.387505345,41710.66480417663,4671,4407,10671,13771,0.0
33532,43373750.31153255,41324.01644052222,4752,4331,10748,13695,0.0
33538,43302293.88097267,41349.98078172369,4724,4366,10789,13653,0.0
33544,43456616.343056396,41300.33395158474,4782,4319,10720,13717,0.0
33550,43092233.780092776,41604.802170108596,4671,4374,10632,13867,0.0
33556,43380991.70625831,41468.319373935876,4804,4253,10691,13802,0.0
33562,43599805.275295004,41224.35697389498,4802,4301,10768,13685,0.0
33568,43427863.19044186,41531.73290420538,4758,4445,10582,13777,0.0
33574,43276999.35120173,41379.25087644733,4753,4374,10710,13731,0.0
33580,43223529.38012452,41519.12182400077,4688,4346,10767,13773,0.0
33586,43213753.359274946,41618.313404078246,4718,4299,10770,13793,0.0
33592,43064241.17374252,41329.26847767026,4669,4381,10759,13777,0.0
33598,43164239.99456388,41357.85718534901,4629,4432,10849,13682,0.0
33604,43348902.54249578,41352.03124774805,4745,4371,10743,13739,0.0
33610,43306509.037340544,41765.176797988366,4792,4292,10597,13923,0.0
33616,43138841.606951736,41283.14683522412,4675,4382,10772,13781,0.0
33622,43588356.449027926,41487.2727339974,4805,4347,10676,13788,0.0
33628,43675822.45846842,41085.22939738445,4803,4257,10901,13661,0.0
33634,43532959.75729549,41006.46725013486,4799,4296,10859,13674,0.0
33640,43217024.16196648,41384.29429050695,4684,4377,10752,13821,0.0
33646,43668920.75958611,40942.99393056366,4795,4367,10908,13570,0.0
33652,43539749.13595872,41203.57880369435,4741,4409,10793,13703,0.0
33658,43288996.87959787,41236.23601536921,4734,4322,10898,13698,0.0
33664,43474264.239224195,40954.19940324304,4731,4331,10874,13722,0.0
33670,43528706.15415926,41404.10690661759,4793,4293,10742,13836,0.0
33676,43564311.83337975,41018.43873761156,4794,4283,10862,13731,0.0
33682,43582335.85605933,40744.437558563004,4741,4454,10846,13635,0.0
33688,43375455.86959413,40791.56615776612,4697,4448,10896,13641,0.0
33694,43680545.1553246,41226.94065018476,4779,4393,10779,13737,0.0
33700,43560128.689004295,41236.44490713726,4783,4406,10738,13767,0.0
33706,43702120.59241494,40914.97278048261,4795,4396,10825,13684,0.0
33712,43427961.202844314,41066.16258320368,4765,4336,10873,13732,0.0
33718,43769023.68879405,40814.10655177599,4831,4342,10922,13617,0.0
33724,43365356.38222243,41109.203177251075,4723,4389,10869,13737,0.0
33730,43451808.198494695,40862.10309495097,4721,4430,10911,13662,0.0
33736,43423750.48441898,40645.63269152706,4703,4440,10951,13636,0.0
33742,43624125.6305017,40894.42250988096,4800,4443,10838,13655,0.0
33748,43725908.84206523,40943.51825989955,4815,4334,10913,13680,0.0
33754,43734868.51770978,40912.54304660399,4826,4404,10885,13633,0.0
33760,43934674.312526956,40612.5619105246,4865,4254,11055,13580,0.0
33766,43944130.86418706,40556.95235454533,4812,4478,10931,13539,0.0
33772,43704762.232631534,40793.598188220465,4784,4390,10883,13709,0.0
33778,43607629.57365591,41091.87410991325,4767,4392,10903,13710,0.0
33784,43589720.71538385,41037.35424996874,4775,4331,10953,13719,0.0
33790,43718856.28328811,40731.796411288065,4799,4396,10947,13642,0.0
33796,43723990.694599904,40639.35259912853,4829,4310,11027,13624,0.0
33802,43468288.75619298,40728.37088288637,4708,4402,11031,13655,0.0
33808,43628633.165555045,40511.49739469103,4779,4492,10869,13662,0.0
33814,43898467.26616534,40687.758530280866,4844,4234,11044,13686,0.0
33820,43978558.75144264,40236.8822441565,4851,4376,11098,13489,0.0
33826,43791829.624784596,40573.27929169287,4776,4345,11001,13698,0.0
33832,43896786.35937103,40673.126594641544,4861,4367,10922,13676,0.0
33838,44001581.20908895,40133.42449761288,4818,4414,11017,13583,0.0
33844,44115722.08304806,40350.71301247255,4873,4329,11015,13621,0.0
33850,43894686.18701316,40409.82886108475,4795,4365,11040,13644,0.0
33856,43645964.49923132,40746.81345940631,4778,4341,10976,13755,0.0
33862,43950569.764892824,40380.661918242884,4798,4471,10994,13593,0.0
33868,43827330.89427005,40321.10783578102,4792,4398,11010,13662,0.0
33874,43919120.09282851,40405.624221213606,4853,4418,10984,13613,0.0
33880,43653879.663610704,40360.365549447,4748,4412,11032,13682,0.0
33886,43610517.91877219,40451.236688478035,4739,4397,11083,13661,0.0
33892,43866086.76107759,40189.224126135035,4778,4358,11101,13649,0.0
33898,44137632.7524828,40279.25809777953,4886,4401,10999,13606,0.0
33904,43964782.79657901,40022.96663319637,4817,4405,11103,13573,0.0
33910,43636590.31583966,40668.75274229488,4772,4317,10980,13835,0.0
33916,44004691.33488675,40247.775321482375,4840,4372,11048,13650,0.0
33922,43879659.13884771,40464.24935408081,4797,4356,11003,13760,0.0
33928,44039171.3680134,40065.19839855839,4839,4435,11039,13609,0.0
33934,44096398.25630243,39890.00467283525,4832,4468,11031,13597,0.0
33940,43923761.86937005,40198.9382191844,4826,4387,11086,13635,0.0
33946,44218245.35216822,40050.07863547669,4875,4491,11055,13519,0.0
33952,44103765.42076942,40124.23834344521,4860,4334,11120,13632,0.0
33958,44265297.09755456,39680.05157309314,4868,4328,11253,13503,0.0
33964,43898101.614320174,39973.23340933963,4773,4374,11240,13571,0.0
33970,44205685.741071716,40099.490128676225,4906,4455,10938,13665,0.0
33976,44103341.8440486,39674.84096038394,4842,4436,11179,13513,0.0
33982,44004021.87123603,39784.155606951244,4776,4492,11124,13584,0.0
33988,43993434.732230194,39871.3870256038,4777,4370,11262,13573,0.0
33994,44138316.03066906,39943.9268226508,4892,4373,11074,13649,0.0
34000,43857106.32934536,40036.92318896626,4796,4445,11057,13696,0.0
34006,44262481.20367225,39701.907335340176,4867,4322,11234,13577,0.0
34012,44272099.36401714,39428.24134518581,4871,4440,11285,13410,0.0
34018,44071431.20111938,39817.44859582007,4813,4422,11198,13579,0.0
34024,44549563.62285213,39581.55360842631,4938,4461,11222,13397,0.0
34031,44200325.48123966,39533.00234149783,4851,4417,11211,13545,0.0
34038,44200738.13747585,39882.532540887296,4858,4499,11030,13644,0.0
34045,44352113.966134585,39399.898787605875,4869,4441,11209,13519,0.0
34052,44046998.38902792,39680.799830954835,4791,4483,11184,13587,0.0
34059,44309107.390648425,39627.226265381796,4873,4438,11130,13611,0.0
34066,43931848.25554846,39544.97824509353,4755,4434,11245,13625,0.0
34073,44241254.68421668,39781.1989016612,4870,4384,11175,13637,0.0
34080,43608576.61339908,40182.0276104498,4727,4421,11119,13806,0.0
34087,44116676.965802655,39721.9993425832,4827,4474,11133,13646,0.0
34094,44489218.78729017,39403.92168750884,4955,4416,11231,13485,0.0
34101,44284186.398619935,39478.07772382345,4851,4412,11277,13554,0.0
34108,44155368.19774895,39311.801665835264,4832,4416,11322,13531,0.0
34115,44172892.41947716,39613.4259182789,4801,4405,11345,13557,0.0
34122,44375275.768088065,39629.96364915745,4873,4336,11235,13671,0.0
34129,44429965.28798303,39609.777410017494,4927,4457,11147,13591,0.0
34136,44558034.1671068,39452.04936973644,4928,4422,11170,13609,0.0
34143,44308930.92835625,39398.00389033783,4841,4449,11277,13569,0.0
34150,44497030.256726325,39777.13184933767,4910,4330,11267,13636,0.0
34157,44086093.82422749,39680.598296565906,4772,4439,11282,13657,0.0
34164,44146373.66309666,39418.03914763614,4808,4428,11334,13587,0.0
34171,44691079.21646938,39186.842810218026,4979,4395,11283,13507,0.0
34178,44705951.65961368,39160.889391196404,4940,4470,11289,13472,0.0
34185,44700238.61604748,39625.85336989758,5012,4360,11126,13680,0.0
34192,44589476.094374776,39616.68623222099,4957,4430,11208,13590,0.0
34199,44292538.769111164,39491.29552952475,4844,4503,11222,13623,0.0
34206,44485637.25539742,39505.30673564897,4894,4431,11333,13541,0.0
34213,44667531.69543965,38932.08861962389,4914,4417,11417,13458,0.0
34220,44840229.37925996,39225.74381396726,4982,4427,11283,13521,0.0
34227,44758603.506513014,39020.225668726394,4966,4381,11358,13515,0.0
34234,44793883.805819646,39200.70919459851,4959,4442,11272,13554,0.0
34241,44711924.33822071,39315.94999590005,4956,4451,11237,13590,0.0
34248,44544161.56229215,39209.60605198726,4884,4579,11243,13535,0.0
34255,44388394.868592516,39344.78016264773,4852,4407,11287,13702,0.0
34262,44504170.69408824,39453.92137395004,4835,4449,11315,13656,0.0
34269,44742534.62952405,39167.33137358183,4970,4386,11400,13506,0.0
34276,44837663.54997149,38755.89360070942,4942,4497,11371,13459,0.0
34283,44744449.69490973,39111.74516556769,4924,4350,11525,13477,0.0
34290,44929451.5268232,38832.352323034334,4978,4523,11328,13454,0.0
34297,44886501.37867382,39025.71810932655,4974,4448,11374,13494,0.0
34304,44429884.61221487,39284.43520133864,4868,4306,11471,13652,0.0
34311,44994466.63998683,38651.9495303006,4951,4591,11394,13368,0.0
34318,44755424.308178045,38954.02815237968,4930,4455,11415,13511,0.0
34325,44894301.11542732,39055.35862939809,4985,4431,11328,13574,0.0
34332,45180296.674647845,38748.1496392106,5005,4482,11430,13408,0.0
34339,44655258.47671044,39139.29356233882,4904,4480,11404,13544,0.0
34346,44641203.86932081,39010.349999091726,4921,4509,11359,13550,0.0
34353,44705240.83377008,39068.23555144131,4903,4490,11379,13574,0.0
34360,45034177.8371662,38806.3894187075,4972,4474,11397,13510,0.0
34367,44952292.267216444,38787.35132645762,4961,4521,11403,13475,0.0
34374,44828249.41764347,38872.752561051275,4955,4494,11414,13504,0.0
34381,44886736.76317574,38903.796283865304,4949,4482,11426,13517,0.0
34388,44852027.96883542,38896.135604787436,4953,4448,11463,13517,0.0
34395,45010292.57653952,39049.36821371003,5016,4338,11405,13629,0.0
34402,45266620.007303745,38669.172791604244,5063,4348,11494,13490,0.0
34409,45067925.246427156,38497.82030896902,4957,4585,11489,13371,0.0
34416,45264535.03590803,38659.87354155281,5069,4376,11527,13437,0.0
34423,44797604.14828099,38779.17735011465,4932,4575,11380,13529,0.0
34430,45178693.31554152,38192.23866862052,5000,4570,11530,13323,0.0
34437,45047731.913306534,38809.88126918698,5026,4490,11332,13582,0.0
34444,45056451.60272676,38486.70443937429,4975,4594,11405,13463,0.0
34451,44969349.78730349,38630.51012179407,4986,4464,11466,13528,0.0
34458,44883385.187318735,38438.791320504526,4938,4468,11571,13474,0.0
34465,44924977.07200746,38759.63107432625,4939,4421,11553,13545,0.0
34472,45032400.27408237,38528.31901086943,4950,4611,11398,13506,0.0
34479,45207395.12631971,38237.95197388798,5043,4529,11538,13362,0.0
34486,44849183.22252581,38728.58927577254,4928,4605,11413,13533,0.0
34493,44897079.754258536,38326.0103535972,4905,4513,11533,13535,0.0
34500,45269738.50170062,38363.794643493566,5036,4448,11582,13427,0.0
34507,45191179.483305916,38438.05897357538,4996,4484,11520,13500,0.0
34514,45174649.9083007,38559.779112122545,4994,4590,11458,13465,0.0
34521,44998275.72577069,38525.305011923156,4950,4456,11595,13513,0.0
34528,45047581.55393415,38371.308627333805,4934,4526,11586,13475,0.0
34535,45316564.17294734,38272.55634197506,5024,4541,11538,13425,0.0
34542,45252249.38190407,38227.85397490691,4991,4519,11603,13422,0.0
34549,45260235.857595116,38136.762685078356,4979,4472,11678,13413,0.0
34556,45083973.68210648,38058.3319134145,4956,4519,11645,13429,0.0
34563,45234174.54962452,38512.68484713231,5048,4431,11551,13526,0.0
34570,45048218.79741039,38389.12444603459,4949,4549,11485,13580,0.0
34577,45330586.42512306,37989.02523588256,4983,4591,11577,13419,0.0
34584,45577184.54112788,38219.91905156741,5003,4612,11535,13427,0.0
34591,45586788.13105148,38063.083625406776,5111,4474,11581,13418,0.0
34598,45604356.78392401,38165.18502685331,5106,4481,11518,13486,0.0
34605,45462894.343043156,38056.80938205543,5014,4585,11674,13325,0.0
34612,45502129.172272295,38085.44642624498,5055,4582,11552,13416,0.0
34619,45487707.80158796,38011.53514712351,5061,4553,11538,13460,0.0
34626,45385516.8062942,38245.01084391404,5009,4611,11494,13505,0.0
34633,45145267.19293249,37853.84050306277,4936,4569,11745,13376,0.0
34640,45227514.68975331,38650.98112290657,5008,4501,11420,13704,0.0
34647,45497356.96071545,37791.147442473455,5061,4496,11728,13355,0.0
34654,45599294.933821954,37508.30448905495,5012,4641,11755,13239,0.0
34661,45526469.004018165,37917.41208562098,5022,4548,11688,13396,0.0
34668,45415013.10737956,38088.82075067854,4999,4585,11649,13428,0.0
34675,45776901.7712657,37696.80780666611,5085,4544,11677,13362,0.0
34682,45462012.13842298,38054.17353912044,5030,4473,11719,13453,0.0
34689,45673823.82517548,38073.748503428586,5097,4525,11641,13419,0.0
34696,45296105.19885217,37902.04826686406,4968,4534,11738,13449,0.0
34703,45638672.38311268,37873.147473326164,5060,4597,11656,13383,0.0
34710,45512537.60229604,37813.43832981396,4978,4551,11705,13469,0.0
34717,45917543.081526354,37861.78246870907,5213,4418,11556,13523,0.0
34724,45801415.62073914,37916.34951895129,5103,4533,11583,13498,0.0
34731,45733711.00205855,37846.87197047119,5094,4473,11692,13465,0.0
34738,45749656.25563635,37664.81837475308,5072,4569,11700,13390,0.0
34745,45792001.22148147,37514.955907572665,5087,4486,11882,13283,0.0
34752,45605548.49286366,37540.79634327822,5063,4518,11844,13320,0.0
34759,45541634.86244677,37657.0225206674,5010,4526,11697,13519,0.0
34766,45626137.38907344,37742.27987707024,5052,4456,11803,13448,0.0
34773,45649975.11279481,37363.81357370785,5012,4582,11869,13303,0.0
34780,45455657.85564629,37851.17444862918,5036,4502,11671,13564,0.0
34787,45408344.99097885,37773.09458599461,5005,4499,11800,13476,0.0
34794,45753423.325369395,37742.72649735225,5117,4515,11696,13459,0.0
34801,45775617.8863168,37303.72509134832,5071,4658,11715,13350,0.0
34808,45479611.15716196,38067.92952192661,5043,4496,11642,13620,0.0
34815,45660315.19060946,37599.79426291153,5028,4530,11767,13483,0.0
34822,45529250.33225715,38017.631997513374,4984,4537,11711,13583,0.0
34829,45641605.04183126,37551.89953136929,5047,4476,11830,13469,0.0
34836,45853296.75583764,37516.905750652266,5090,4627,11727,13385,0.0
34843,46005235.94515535,37212.183305439285,5122,4545,11864,13305,0.0
34850,45968245.642588824,37240.620435059456,5077,4527,11936,13303,0.0
34857,45840911.41871816,37523.28778016067,5108,4484,11826,13432,0.0
34864,45729041.93161298,37529.400388017355,5013,4714,11648,13482,0.0
34871,46080643.32767607,37119.1306140662,5085,4623,11834,13322,0.0
34878,45947522.87794728,37496.11296652036,5115,4556,11688,13512,0.0
34885,46087307.342057176,37608.474470443034,5180,4541,11677,13480,0.0
34892,45589299.060257964,37067.2466438111,4968,4687,11875,13355,0.0
34899,45874110.66642744,37540.06473931685,5087,4524,11882,13399,0.0
34906,45857379.28912425,37537.8073175243,5085,4557,11732,13525,0.0
34913,45897447.89208177,37435.76047390138,5081,4572,11839,13414,0.0
34920,46055452.11718779,37436.83595901683,5126,4488,11805,13494,0.0
34927,45823744.745455086,37206.06436335648,5056,4672,11807,13385,0.0
34934,45982206.66728219,36990.493777261836,5068,4506,11966,13387,0.0
34941,45954981.48041413,37183.38040710282,5104,4531,11946,13353,0.0
34948,45774191.865844704,37321.09814102524,5040,4628,11797,13476,0.0
34955,46159948.92000646,36842.12348662908,5133,4580,11940,13295,0.0
34962,46127812.869212694,37182.38857465394,5125,4572,11840,13418,0.0
34969,46246870.9232454,36961.42011092724,5152,4562,11883,13365,0.0
34976,46221230.288885154,37028.64386036709,5142,4546,11874,13407,0.0
34983,45993048.150245525,36993.59882943096,5073,4558,12040,13305,0.0
34990,46161187.223333225,37270.56735451216,5161,4533,11897,13392,0.0
34997,45817867.445315145,36682.24375413827,5000,4617,12094,13279,0.0
35004,45896482.54437791,37047.463716314975,5037,4608,11960,13392,0.0
35011,46212827.135079555,37144.5707166331,5133,4440,11999,13432,0.0
35018,46447540.5128618,36802.989587118485,5194,4512,12005,13300,0.0
35025,46446017.491227075,36876.446249305605,5213,4524,11986,13295,0.0
35032,46302024.33096268,36904.38553295625,5145,4696,11908,13276,0.0
35039,46092132.767957516,37240.24463082849,5127,4604,11807,13494,0.0
35046,46492183.31527374,36549.96684209221,5164,4558,12032,13285,0.0
35053,46105280.835169636,36977.08721940728,5103,4685,11829,13429,0.0
35060,46211084.08242627,36905.615745680596,5088,4606,12026,13333,0.0
35067,46354324.12692031,36550.55284070944,5120,4677,12010,13253,0.0
35074,46430465.13715498,36736.829188244345,5180,4591,11911,13385,0.0
35081,46289491.78862833,36759.73960705366,5145,4497,12030,13402,0.0
35088,46596326.33265697,36346.489989578855,5182,4632,12022,13245,0.0
35095,46200091.94447294,36866.84240226827,5140,4551,11977,13420,0.0
35102,46455515.45787507,36360.67899006789,5155,4616,12150,13174,0.0
35109,46135565.51810256,36367.342196667065,5114,4589,12201,13198,0.0
35116,46459752.742986895,36564.99495093068,5147,4716,11916,13330,0.0
35123,46490947.14589515,36821.92565361825,5179,4632,11886,13419,0.0
35130,46681525.40965274,36784.22070758518,5233,4637,11929,13324,0.0
35137,46376039.03087286,37116.31368928753,5184,4550,11958,13438,0.0
35144,46261274.26889065,36714.278218155756,5104,4579,12074,13380,0.0
35151,46449862.61245723,36653.29206173802,5215,4635,12003,13291,0.0
35158,46445224.13880428,36315.90654273142,5157,4570,12174,13250,0.0
35165,46158164.951412335,36773.34735668419,5128,4626,11942,13462,0.0
35172,46326055.70807172,36890.56102952672,5181,4484,12073,13427,0.0
35179,46872162.588716075,36275.8283006791,5280,4544,12139,13209,0.0
35186,46512226.985947706,36418.75699542201,5169,4617,12078,13315,0.0
35193,46783515.44059739,36649.08014520803,5303,4672,11907,13304,0.0
35200,46605268.30485274,36402.817695763195,5178,4611,12127,13277,0.0
35207,46647868.58112616,36201.60454484363,5199,4693,12092,13216,0.0
35214,46661003.24601315,36340.21076639425,5212,4605,12105,13285,0.0
35221,46756542.4251855,36542.246742923635,5238,4548,12044,13384,0.0
35228,46500201.92416694,36360.66140649814,5169,4628,12099,13325,0.0
35235,46762940.505730204,36208.66110587614,5222,4656,12113,13237,0.0
35242,46634918.77026754,36380.319913386404,5190,4575,12166,13304,0.0
35249,46471616.395350166,36284.80865248198,5121,4680,12187,13254,0.0
35256,46639130.647531755,36584.8352433807,5240,4532,12065,13412,0.0
35263,46666457.73846412,36144.64965317662,5177,4586,12216,13277,0.0
35270,46499812.79070988,36158.088367229764,5151,4620,12169,13323,0.0
35277,46628409.816368856,35993.30048697536,5199,4586,12187,13298,0.0
35284,46623621.34727883,36196.10545775017,5165,4601,12201,13310,0.0
35291,46775896.82991256,36055.91438510063,5211,4707,12174,13192,0.0
35298,46695664.92665649,36179.22338344578,5218,4571,12269,13233,0.0
35305,46852200.05134719,35977.800721097585,5200,4719,12087,13292,0.0
35312,46607404.16983529,36421.307578696586,5184,4590,12074,13457,0.0
35319,46823947.807795875,36071.70174393096,5212,4641,12207,13252,0.0
35326,46708481.18726969,36308.04847814375,5218,4577,12089,13435,0.0
35333,46812021.41279173,36138.626064252334,5234,4693,12085,13314,0.0
35340,46814177.276637375,36167.99033140309,5200,4647,12174,13312,0.0
35347,46736038.91476518,36307.66594227006,5211,4658,12104,13367,0.0
35354,47368180.76496401,35911.998151942884,5345,4714,12108,13180,0.0
35361,47085433.26186913,35909.33335897126,5303,4650,12235,13166,0.0
35368,47128149.5459464,35882.562520078325,5272,4661,12214,13214,0.0
35375,47221659.36361597,35893.187053937676,5279,4590,12304,13195,0.0
35382,46956406.85697314,36140.56707682611,5264,4671,12169,13271,0.0
35389,46747327.30820486,36112.870335382366,5213,4638,12134,13397,0.0
35396,46929950.97640009,36230.14418146747,5255,4574,12228,13332,0.0
35403,46991698.84223377,35723.45164135862,5224,4729,12237,13206,0.0
35410,46974265.5456833,36036.161628644826,5265,4746,12110,13282,0.0
35417,47069044.92344287,35897.37463576024,5302,4644,12153,13311,0.0
35424,46910642.86496363,36055.792749537184,5217,4670,12181,13349,0.0
35431,47147350.2183504,35777.42821933495,5259,4623,12286,13256,0.0
35438,46604362.37872936,36203.67650623058,5172,4557,12235,13467,0.0
35445,46931117.756142914,35822.292863469505,5229,4651,12312,13246,0.0
35452,46890226.714002766,35765.74167614329,5241,4649,12233,13322,0.0
35459,46960223.48005815,35846.841339109094,5218,4668,12261,13305,0.0
35466,47086220.471549734,35909.382693464126,5230,4706,12164,13359,0.0
35473,47023251.541350655,35866.88933461516,5256,4675,12246,13289,0.0
35480,46749326.21791893,35860.68793606677,5145,4734,12276,13318,0.0
35487,46906461.80520665,35877.704938161616,5228,4726,12216,13310,0.0
35494,47209491.12432671,35759.71957216587,5280,4718,12261,13228,0.0
35501,47073429.38813014,35732.8952029464,5237,4732,12244,13281,0.0
35508,47211549.02186709,35527.312906225336,5281,4728,12323,13169,0.0
35515,47155248.22560285,35459.53217659635,5259,4744,12302,13203,0.0
35522,47112208.491297916,35604.43926594123,5238,4753,12308,13216,0.0
35529,47203661.20056954,35745.83417163699,5310,4580,12244,13388,0.0
35536,47274512.77182718,35448.22656254409,5288,4662,12363,13216,0.0
35543,46950841.00200613,35496.40690684506,5196,4792,12283,13265,0.0
35550,47112774.622103,35676.7133870237,5214,4695,12341,13293,0.0
35557,47420917.982480444,35663.42988780634,5320,4701,12219,13310,0.0
35564,47458112.023689955,35531.49860666412,5360,4608,12267,13322,0.0
35571,47099357.325020395,35574.90538202635,5225,4732,12299,13308,0.0
35578,47381609.22199274,35712.592478498555,5310,4713,12245,13303,0.0
35585,46870460.13714172,35729.54556305724,5208,4694,12345,13331,0.0
35592,47411715.247759536,35644.99050292867,5343,4720,12166,13356,0.0
35599,47095537.51223351,35306.56381999188,5212,4758,12450,13172,0.0
35606,47299553.04538743,35601.46237383492,5281,4767,12297,13254,0.0
35613,47557067.96002447,35041.33969257945,5364,4731,12416,13095,0.0
35620,47470108.38214557,35012.85457437722,5323,4654,12562,13074,0.0
35627,47430848.29577243,35398.3962239162,5320,4715,12395,13190,0.0
35634,47432534.67386247,35431.30066554561,5313,4700,12320,13294,0.0
35641,47482843.99905244,35504.24432844548,5350,4750,12257,13277,0.0
35648,47163654.8716355,35446.00569344451,5245,4678,12472,13246,0.0
35655,47433815.04711892,35541.162600197065,5305,4661,12295,13387,0.0
35662,47451593.59421589,35309.41233437817,5314,4671,12407,13263,0.0
35669,47597431.276422426,35041.17245674682,5319,4597,12661,13085,0.0
35676,47321178.63022315,35316.13918072877,5289,4640,12442,13298,0.0
35683,47437910.1127215,35322.95947693293,5302,4780,12309,13285,0.0
35690,47660010.87911647,35166.223174927,5333,4665,12442,13243,0.0
35697,47493408.493010536,35296.23150058271,5347,4563,12499,13281,0.0
35704,47297811.005280696,35348.207807814884,5249,4608,12548,13292,0.0
35711,47766359.558299154,35174.0268517865,5417,4688,12285,13314,0.0
35718,47724827.22305832,34676.0607643379,5334,4679,12617,13081,0.0
35725,47553064.489369944,35249.87769579759,5333,4616,12475,13294,0.0
35732,47526261.98298754,35231.449633872435,5300,4751,12393,13281,0.0
35739,47707815.24235595,35022.11316136774,5367,4594,12592,13179,0.0
35746,47481622.947845444,35388.05819612389,5331,4651,12307,13450,0.0
35753,47627494.192949474,35076.34657930446,5335,4730,12469,13212,0.0
35760,47642340.92562973,35012.72125612365,5379,4785,12356,13233,0.0
35767,47657342.54144458,34728.69651791244,5308,4762,12527,13163,0.0
35774,47851548.40629523,34520.33842525748,5360,4790,12584,13033,0.0
35781,47646013.35894819,35464.53143999776,5383,4620,12342,13429,0.0
35788,47991432.82251358,34718.0208669846,5443,4640,12507,13191,0.0
35795,47891270.05328643,34838.84163023019,5424,4632,12516,13216,0.0
35802,47824414.43021365,34782.05124626297,5393,4820,12345,13237,0.0
35809,48031787.288357146,34929.46488692414,5380,4723,12526,13173,0.0
35816,47724521.860957175,34713.922905377505,5335,4748,12561,13165,0.0
35823,47683659.32712234,35067.399282084654,5354,4641,12551,13270,0.0
35830,47453017.51080223,35063.43931622923,5277,4786,12504,13256,0.0
35837,47794862.60687031,34815.23438437408,5376,4760,12500,13194,0.0
35844,47591880.34933334,34581.73067799118,5286,4749,12648,13154,0.0
35851,48060289.01089306,34677.983629751296,5462,4642,12597,13143,0.0
35858,47533523.74806187,35147.6009837912,5311,4653,12523,13364,0.0
35865,47803985.832897924,34975.08274836123,5399,4698,12411,13350,0.0
35872,48106662.82048375,34939.754504734876,5449,4702,12527,13187,0.0
35879,47964398.7731341,35020.25062769046,5415,4734,12464,13259,0.0
35886,48127733.98971642,35007.38458090916,5451,4711,12455,13262,0.0
35893,47603546.75674597,34559.29309715265,5227,4879,12603,13177,0.0
35900,47983448.87071182,34781.40068334375,5408,4643,12569,13273,0.0
35907,48036186.79688661,34956.849126748384,5438,4808,12401,13253,0.0
35914,48106900.00169211,34354.26131776763,5387,4756,12665,13099,0.0
35921,48061628.357147954,34563.66129301378,5452,4767,12555,13140,0.0
35928,48253469.65033426,34440.80658151238,5474,4749,12553,13145,0.0
35935,47849242.5785078,34524.035467071924,5345,4800,12611,13172,0.0
35942,48235176.66424378,34466.650747200765,5489,4748,12513,13185,0.0
35949,47746552.608467124,34917.29463325371,5380,4639,12572,13351,0.0
35956,48047226.47338658,34924.60118352221,5443,4769,12439,13298,0.0
35963,48173671.75266386,34707.16535008388,5459,4639,12644,13214,0.0
35970,48052269.57091868,34017.58279422972,5367,4760,12780,13056,0.0
35977,47987624.91980925,34628.60000709413,5395,4815,12555,13205,0.0
35984,48052839.18742238,34513.63504028995,5387,4751,12561,13278,0.0
35991,47954399.38407555,34754.54885567032,5380,4685,12627,13292,0.0
35998,48330392.53425557,34299.864127440036,5452,4755,12668,13116,0.0
36005,47801079.08145107,34756.60068373361,5345,4685,12609,13359,0.0
36012,47819769.81519712,34282.15602114975,5313,4768,12777,13147,0.0
36019,47919679.79051655,34830.860977212775,5354,4752,12578,13328,0.0
36026,48346694.3296564,34428.22763334356,5515,4695,12609,13200,0.0
36033,48059658.62745136,34687.68063510389,5381,4680,12685,13280,0.0
36040,48307674.31374345,34354.4141706744,5448,4770,12705,13110,0.0
36047,48168555.51588414,34355.578421673876,5377,4805,12680,13178,0.0
36054,48513691.38600611,34023.57685221817,5491,4705,12726,13125,0.0
36061,47949262.28600334,34545.012508263564,5369,4751,12666,13268,0.0
36068,48331638.780973144,34434.17502260637,5439,4793,12597,13232,0.0
36075,48406819.62727677,33876.63278924537,5450,4833,12829,12956,0.0
36082,48361640.68544595,34607.03545434278,5492,4675,12578,13330,0.0
36089,48465292.58411472,34307.786979792545,5517,4641,12720,13204,0.0
36096,48328396.82932827,33964.53588993502,5379,4741,12878,13091,0.0
36103,47930935.12113853,34400.35328412171,5350,4823,12602,13321,0.0
36110,48062449.75150265,34555.154422809246,5385,4840,12589,13289,0.0
36117,47998247.98330494,34645.07484664337,5375,4723,12641,13371,0.0
36124,48284175.07672888,34149.061526461315,5434,4780,12717,13186,0.0
36131,48357084.82951016,33962.0123522163,5429,4883,12738,13074,0.0
36138,48376496.39051666,34164.476069783545,5466,4858,12597,13210,0.0
36145,48299458.25868362,34297.506143074934,5454,4872,12583,13229,0.0
36152,48482691.26315255,34247.63421060868,5473,4773,12707,13192,0.0
36159,48360625.17110237,34101.142041620675,5448,4738,12820,13146,0.0
36166,48422371.2694418,33887.625108146654,5417,4793,12876,13073,0.0
36173,48404952.31211585,34234.09873726274,5487,4692,12792,13195,0.0
36180,48422614.76164261,34168.65571800689,5476,4856,12661,13180,0.0
36187,48824746.30073551,33861.78964744799,5594,4673,12807,13106,0.0
36194,48260868.95952562,33984.6060645115,5403,4736,12901,13147,0.0
36201,48410924.96840637,33825.016573950685,5414,4795,12932,13053,0.0
36208,48582056.80204241,34147.151259775674,5506,4717,12744,13234,0.0
36215,48891227.06099565,33905.32963777806,5574,4774,12783,13077,0.0
36222,48811968.073718674,33835.675566380305,5537,4767,12822,13089,0.0
36229,48180615.68943588,34125.6236610152,5423,4672,12912,13215,0.0
36236,48767499.01174196,33902.862623987596,5558,4843,12727,13101,0.0
36243,48426664.785026155,33790.39347116753,5446,4840,12798,13152,0.0
36250,48721405.87560807,33953.34765815432,5532,4801,12834,13076,0.0
36257,48465492.8442704,34037.9985020084,5458,4802,12778,13212,0.0
36264,48468613.61829264,34059.569401250774,5481,4746,12799,13231,0.0
36271,48558009.78471991,33929.896563428,5500,4744,12773,13247,0.0
36278,48583215.951712675,34209.05240618552,5519,4737,12670,13345,0.0
36285,48487598.60041966,33923.61572845528,5442,4770,12885,13181,0.0
36292,48834242.948645994,33619.83192100812,5536,4761,12895,13093,0.0
36299,48711030.36599181,33646.11614322873,5450,4851,12884,13107,0.0
36306,48331517.3005039,33713.3675795555,5359,4820,12993,13127,0.0
36313,48771167.74181836,33675.084417551734,5530,4838,12792,13146,0.0
36320,48568930.56583484,33869.205095550264,5468,4759,12898,13188,0.0
36327,48822494.2033243,33713.805841245754,5535,4773,12887,13125,0.0
36334,48822832.808412075,33749.473995939436,5544,4734,12881,13168,0.0
36341,49099917.14697522,33841.01106824187,5602,4814,12744,13174,0.0
36348,48683377.201128244,33688.082943499336,5485,4849,12814,13193,0.0
36355,48671522.02735724,33700.912201588624,5449,4764,12957,13178,0.0
36362,48645635.43108465,33505.553761624644,5463,4829,13023,13040,0.0
36369,49149730.526002176,33480.86879154587,5620,4776,12865,13101,0.0
36376,48776809.44405072,33630.04189109267,5478,4715,12968,13208,0.0
36383,48672715.15212053,33843.66918163022,5495,4709,12940,13232,0.0
36390,48815952.004682995,33414.72412118721,5479,4879,12959,13066,0.0
36397,48621057.802679494,33670.95993340845,5453,4809,12949,13179,0.0
36404,49178963.7124035,33507.268256967596,5583,4823,12919,13072,0.0
36411,48650499.28945735,33611.92250770104,5459,4711,13039,13195,0.0
36418,48731223.29486343,33914.170407655125,5529,4756,12932,13194,0.0
36425,48940904.21898673,33441.37964613867,5500,4870,12914,13134,0.0
36432,49114351.459793456,33866.02332464958,5600,4754,12845,13226,0.0
36439,48791954.355383985,33591.17378642564,5472,4945,12921,13094,0.0
36446,48991722.73281389,33510.492445712625,5538,4898,12869,13134,0.0
36453,49094194.57532221,33549.45315912323,5586,4812,12866,13182,0.0
36460,48834835.71434159,33218.83891338935,5447,4850,13045,13111,0.0
36467,49046320.091882974,33140.587260173204,5545,4847,13020,13048,0.0
36474,48940042.87752509,33395.49536257442,5470,4874,13012,13111,0.0
36481,49269910.09654499,33228.72100698065,5625,4727,13101,13021,0.0
36488,48764934.96476374,33137.91616254916,5453,4895,13075,13058,0.0
36495,49022746.72932565,33000.644234985135,5500,4871,13119,12998,0.0
36502,48906463.123230755,32972.91334491494,5488,4882,13051,13074,0.0
36509,49066133.13707195,33638.43574017963,5559,4783,12987,13173,0.0
36516,49460673.74552117,33168.33628074551,5658,4753,13085,13013,0.0
36523,49006132.42640564,32994.77799322105,5518,4838,13078,13082,0.0
36530,49275762.51067585,33140.5624567627,5604,4790,12972,13157,0.0
36537,49166022.81293179,33268.19861012821,5602,4746,13052,13130,0.0
36544,49437850.19589081,32994.80170411668,5634,4823,13061,13019,0.0
36551,49117112.46750832,33234.10573925522,5559,4852,13030,13103,0.0
36558,49310962.33088908,32947.60137577697,5539,4785,13187,13040,0.0
36565,49195392.8071797,33318.749761061474,5609,4738,13063,13148,0.0
36572,49231748.59197293,32925.80142464655,5565,4812,13189,12999,0.0
36579,49436846.853407,33207.66903775765,5643,4896,12965,13068,0.0
36586,49119859.64400257,33095.69449517518,5530,4909,12979,13161,0.0
36593,49220716.45962258,33030.86244050565,5556,4827,13023,13180,0.0
36600,48978749.36230679,33551.877797524205,5534,4709,13036,13314,0.0
36607,49324518.81621845,33137.41640349474,5575,4848,13081,13096,0.0
36614,49686629.455457255,33026.40333486561,5693,4948,12911,13055,0.0
36621,49555085.526559845,32958.93725687393,5651,4904,13023,13036,0.0
36628,49289877.339627154,32862.233367668654,5570,4951,12982,13118,0.0
36635,49273946.90530178,32834.0181223823,5551,4835,13171,13071,0.0
36642,49221768.33615471,33185.079413222105,5568,4796,13172,13099,0.0
36649,49263204.09451245,33032.79681062777,5536,4941,13104,13061,0.0
36656,49780752.12670984,32383.916438387434,5634,4913,13281,12821,0.0
36663,49382573.07533025,32477.637950165852,5551,4888,13188,13029,0.0
36670,49530270.257988155,32810.54218431834,5608,4849,13096,13110,0.0
36677,49721772.71806674,32795.165214540946,5698,4865,13104,13003,0.0
36684,49242008.92144189,32965.14383535951,5528,4871,13200,13078,0.0
36691,49589557.0920578,32763.388611013426,5601,4868,13233,12982,0.0
36698,49244656.58720385,32995.529371651566,5562,4911,13101,13117,0.0
36705,49162691.106289014,33189.14046050823,5548,4760,13110,13280,0.0
36712,49457587.34144184,32590.982555049755,5581,4893,13238,12993,0.0
36719,49409685.70814358,32949.14445863415,5600,4891,13108,13113,0.0
36726,49271414.04978853,32671.295009252175,5546,4804,13237,13132,0.0
36733,49871760.31490739,32534.3923500636,5686,4836,13239,12965,0.0
36740,49603514.83618208,32659.061061858192,5548,4995,13142,13048,0.0
36747,49877160.58444089,32220.70835784734,5688,4809,13361,12882,0.0
36754,49731102.840562515,32537.328992889416,5656,4929,13177,12985,0.0
36761,49908384.43986863,32678.100724053427,5688,4863,13134,13069,0.0
36768,49372099.69244453,33031.57987848088,5560,4902,13156,13143,0.0
36775,49982897.496207595,32480.255126210017,5697,4827,13255,12989,0.0
36782,49584768.23396211,32699.259794134236,5597,4778,13333,13067,0.0
36789,49735287.56472187,32700.79906678635,5649,4834,13179,13120,0.0
36796,50061698.85420204,32495.761968303115,5729,4788,13253,13019,0.0
36803,49809129.038009584,32521.82042877926,5636,4878,13257,13025,0.0
36810,49938983.00210526,32219.123692511166,5666,4985,13265,12887,0.0
36817,49839418.3602555,32579.445663575494,5708,4859,13134,13109,0.0
36824,49882584.92259168,32670.55684755991,5697,4858,13221,13041,0.0
36831,50002367.4416746,32625.87764247671,5722,4858,13238,13006,0.0
36838,49834412.3128301,32332.176689601416,5660,4915,13290,12966,0.0
36845,49712501.828362666,32765.07615567053,5630,4867,13289,13052,0.0
36852,49911961.799177565,32770.54534563917,5703,4846,13126,13170,0.0
36859,49738445.99824857,32620.056150182314,5636,4858,13188,13170,0.0
36866,50043770.38871022,32138.39734532011,5679,4820,13455,12905,0.0
36873,49845039.23946479,32201.10168274908,5641,4955,13307,12963,0.0
36880,49363336.299375534,32718.558331618693,5580,4854,13270,13169,0.0
36887,49669121.46102179,32372.403107075548,5604,4982,13309,12985,0.0
36894,49844897.947685376,32357.215519186433,5616,4913,13374,12984,0.0
36901,49739814.55364317,32525.499234712912,5649,4854,13187,13204,0.0
36908,50103815.332162425,31921.139164395045,5674,4889,13454,12884,0.0
36915,50087954.05639185,32268.231018223054,5697,4839,13273,13099,0.0
36922,49807569.319050066,32425.66464132849,5650,4943,13308,13014,0.0
36929,49841157.791198455,32317.905700158833,5606,4876,13401,13039,0.0
36936,49940012.10215602,32194.1798113349,5657,5000,13306,12966,0.0
36943,49982389.50278074,32523.46817292642,5694,4829,13303,13110,0.0
36950,50218035.28088449,32007.588931101967,5720,4872,13328,13023,0.0
36957,49837507.85233449,32163.717346545807,5606,4974,13417,12953,0.0
36964,49925938.18122335,32445.93282590858,5705,4759,13282,13211,0.0
36971,50182868.813836984,32264.121729944665,5731,4777,13437,13019,0.0
36978,49916775.56118732,32206.97541177121,5666,4879,13361,13065,0.0
36985,49661769.0744077,32264.408059816862,5555,4897,13392,13134,0.0
36992,50215509.02548996,32242.83081574401,5745,4792,13353,13095,0.0
36999,49871164.177834496,32120.70059121099,5583,4897,13478,13034,0.0
37006,50265263.54984772,31987.87043643742,5683,4975,13398,12943,0.0
37013,50058175.19770897,32352.065630759673,5716,4845,13310,13135,0.0
37020,49896108.49389667,31999.94119077472,5602,4940,13433,13038,0.0
37027,50128324.89306829,32192.489140162987,5719,4805,13400,13096,0.0
37034,50106829.66846682,32246.483417787524,5669,4839,13365,13154,0.0
37041,50453624.311633766,31743.80286101175,5755,4935,13464,12880,0.0
37048,49962845.87512679,32121.326816581728,5612,4986,13443,13000,0.0
37055,50384124.72904155,31924.196327175894,5752,4959,13394,12943,0.0
37062,50287631.673375405,31602.24761543407,5690,4948,13586,12831,0.0
37069,50259813.081985995,31765.36405836611,5697,5000,13449,12916,0.0
37076,50268336.921433486,31919.575417146963,5736,4899,13463,12971,0.0
37083,50337074.14290115,31878.623498794845,5737,4955,13371,13013,0.0
37090,50168297.149760626,32006.137050563488,5708,4981,13349,13045,0.0
37097,49879981.39200844,32078.08942209373,5587,4975,13548,12980,0.0
37104,50261669.16658219,31960.655856956528,5703,5028,13423,12943,0.0
37111,50091152.42680253,32213.424431836378,5663,4975,13382,13084,0.0
37118,50377369.77842991,31866.029739618363,5685,5017,13420,12989,0.0
37125,50746243.98356538,31702.124733907443,5792,5012,13445,12869,0.0
37132,50381119.03085297,31770.75392586424,5749,5014,13372,12990,0.0
37139,50415408.13159349,31848.755566588898,5751,4959,13426,12996,0.0
37146,50539823.340777785,31642.937495528677,5751,5012,13469,12907,0.0
37153,49997092.53254177,32016.828202133634,5583,4940,13494,13129,0.0
37160,50819063.637994364,31669.95560377765,5830,4977,13455,12891,0.0
37167,50277797.35572411,31983.558071732958,5685,4864,13513,13098,0.0
37174,50456777.187520176,32065.40428644376,5764,4937,13430,13036,0.0
37181,50402262.43177571,31449.76035832905,5694,5009,13645,12826,0.0
37188,50749314.57996303,32010.9252090888,5813,4911,13400,13057,0.0
37195,50168927.66303131,31999.298105254416,5646,5009,13435,13098,0.0
37202,50617250.222434,31864.10712840325,5776,4993,13431,12995,0.0
37209,50622590.84728387,31418.66259272318,5766,4906,13666,12864,0.0
37216,50647187.09905123,31847.481381687296,5826,4986,13417,12980,0.0
37223,50568376.14034287,31780.120847234084,5777,4933,13570,12936,0.0
37230,50450278.2108685,31859.789859576744,5747,4898,13549,13029,0.0
37237,50747419.02449706,31590.593770800835,5820,4928,13579,12903,0.0
37244,50340365.113591105,31699.108371288177,5681,4918,13641,12997,0.0
37251,50502723.73168566,31706.464134832582,5742,4874,13569,13059,0.0
37258,50814370.843753345,31534.446275428,5826,4936,13583,12906,0.0
37265,50955853.7099783,31370.684557227512,5821,5018,13607,12812,0.0
37272,50597366.68397361,31333.48761901512,5730,5036,13609,12890,0.0
37279,50584770.09778779,31777.849908971795,5763,4902,13556,13051,0.0
37286,50680010.78024681,31663.594819165446,5791,4850,13643,12995,0.0
37293,50835346.62504358,31258.81250831706,5775,4918,13673,12920,0.0
37300,50620811.22344507,31560.425767185698,5754,4960,13631,12948,0.0
37307,50881042.243293025,31780.55213014002,5833,4924,13531,13012,0.0
37314,50770683.99584481,31260.32500038116,5782,5005,13625,12895,0.0
37321,50996449.2337884,31438.351664152,5825,4917,13692,12880,0.0
37328,50477754.05901672,31531.438839133836,5720,4967,13554,13080,0.0
37335,50708079.380418584,31316.107672175836,5802,5017,13543,12966,0.0
37342,50935198.25107279,31491.95263632227,5838,4990,13517,12990,0.0
37349,50965234.304196835,31273.95109211747,5849,5095,13488,12910,0.0
37356,51158035.431490496,30941.99548698454,5853,4957,13847,12692,0.0
37363,50878667.88214249,31276.601773307328,5797,4908,13752,12899,0.0
